Name,Season,Region,Games,Win rate,K:D,GPM,Kills / game,Deaths / game,GD@15,CSM,DPM,WPM,VWPM,WCPM
100 Challengers,S13,NA,36,61.1%,1.32,1860,14.2,10.6,246,33.2,2313,2.2,0.91,1.27
100 Thieves,S13,NA,20,60.0%,1.21,1789,13.9,11.4,-248,32.1,2288,2.3,1.17,1.58
3BL Esports,S13,AL,14,28.6%,0.77,1719,14.1,18.3,-2385,31.1,2155,1.7,0.89,1.28
5 Ronin,S13,TR,14,7.1%,0.54,1596,7.5,13.9,-2083,30.2,1779,1.6,01.03,1.10
Aegis,S13,FR,18,61.1%,1.38,1813,14.8,10.7,486,32.1,2066,2.1,01.04,1.40
Akroma,S13,FR,18,44.4%,1.10,1809,16.4,14.9,-161,30.1,2295,1.9,01.07,1.35
Alior Bank Team,S13,PL,21,47.6%,01.07,1787,14.5,13.6,294,32.0,2305,2.4,01.01,1.40
All Knights,S13,LAT,16,43.8%,0.78,1730,9.8,12.6,-971,32.8,1973,2.1,1.18,1.40
aNc Outplayed,S13,IT,18,66.7%,1.33,1888,18.1,13.5,661,31.1,2618,2.3,01.01,1.27
Ankora Gaming,S13,RS,14,14.3%,0.58,1623,10.8,18.6,-1945,29.1,1948,2.1,0.84,0.96
Anorthosis Famagusta Esports,S13,GR,19,84.2%,1.92,2000,18.3,9.4,3001,33.7,2458,2.6,0.97,1.46
Anubis Gaming,S13,AL,15,33.3%,0.82,1774,16.0,19.3,472,29.4,2332,1.9,01.03,1.17
Anyone s Legend,S13,CN,39,33.3%,0.78,1683,10.4,13.3,-,31.0,2122,-,-,-
AOE Esports,S13,NA,37,43.2%,0.79,1758,12.5,15.7,-32,31.5,2316,2.3,0.71,1.33
Astralis,S13,EUW,22,36.4%,0.79,1727,12.0,15.1,-292,29.8,2097,3.2,01.09,1.26
Atletec,S13,FR,18,38.9%,0.71,1709,10.8,15.2,-917,31.6,2029,1.9,0.92,1.28
Austrian Force willhaben,S13,DE,21,61.9%,01.07,1860,13.5,12.6,1400,32.1,2682,2.3,0.80,1.16
AXIZ,S13,JP,29,34.5%,0.68,1691,10.5,15.4,-1302,31.4,2046,2.2,1.39,1.66
Axolotl,S13,IT,18,50.0%,1.10,1832,17.5,15.8,-453,30.7,2432,2.0,0.81,1.20
AYM Esports,S13,ES,18,33.3%,0.71,1764,12.3,17.2,-932,31.0,2131,1.7,01.02,1.20
Bar√ßa eSports,S13,ES,22,54.5%,01.07,1796,14.1,13.1,-943,32.4,2214,2.3,1.00,1.60
beGenius ESC,S13,FR,21,61.9%,1.23,1812,15.2,12.4,293,30.6,2459,2.3,1.16,1.36
Benelux United,S13,BE,14,35.7%,0.80,1705,11.1,13.8,-1973,30.4,1892,1.9,0.68,1.10
Berlin International Gaming,S13,DE,21,52.4%,1.18,1834,15.2,12.9,-162,31.5,2307,2.4,1.17,1.36
Besiktas Esports,S13,TR,14,42.9%,1.00,1747,11.7,11.7,-21,31.1,1905,1.8,1.18,1.33
Beyond Gaming,S13,PCS,19,57.9%,1.16,1751,11.8,10.2,653,32.4,2038,2.6,1.62,1.73
Bilibili Gaming,S13,CN,37,59.5%,01.07,1842,13.5,12.6,-,32.3,2316,-,-,-
BISONS ECLUB,S13,ES,21,42.9%,0.76,1767,14.2,18.6,-1049,30.9,2492,2.3,0.76,1.32
BK ROG Esports,S13,FR,18,44.4%,1.00,1804,13.6,13.7,334,32.0,2528,2.3,01.05,1.45
Boavista FC,S13,PT,14,7.1%,0.46,1595,10.4,22.4,-3400,27.9,2090,1.6,0.52,1.00
BRION,S13,KR,44,29.5%,0.69,1682,8.3,11.9,-1052,32.6,1853,2.6,1.49,1.83
BRO Challengers,S13,KR,40,25.0%,0.69,1649,10.5,15.3,-1574,30.5,2099,2.3,1.25,1.39
BRUTE,S13,CZ,14,21.4%,0.65,1720,13.6,20.9,-1458,29.5,2463,1.9,0.72,1.10
Burning Core,S13,JP,29,41.4%,0.89,1778,12.0,13.6,-75,32.1,2145,1.9,1.27,1.60
Byteway Esports,S13,PT,18,50.0%,0.97,1712,13.1,13.4,-1319,30.7,2059,2.3,01.01,1.28
Case Esports,S13,ES,19,84.2%,1.99,1931,16.7,8.4,2130,33.2,2350,2.0,01.06,1.35
Cerberus Esports,S13,VN,18,66.7%,1.36,1893,15.1,11.0,1110,33.0,2171,1.4,1.53,1.58
Chief Esports Club,S13,OCE,24,58.3%,1.75,1904,19.1,10.9,772,31.9,2426,2.8,01.06,1.23
Cincinnati Fear,S13,NA,38,63.2%,1.21,1848,14.8,12.2,757,31.7,2269,2.0,0.74,1.21
CLG,S13,NA,19,52.6%,0.96,1785,12.5,12.9,228,32.9,2215,2.5,01.02,1.71
CLG Challengers,S13,NA,38,60.5%,1.40,1830,15.0,10.8,1351,32.4,2363,2.4,0.98,1.30
CLG Faith,S13,NA,35,5.7%,0.37,1550,6.8,18.4,-3923,29.4,1737,1.9,0.75,0.94
Cloud9,S13,NA,19,78.9%,1.55,1899,14.2,9.1,919,33.4,2524,2.7,01.04,1.68
Cloud9 Challengers,S13,NA,36,80.6%,2.19,1947,17.2,7.9,1889,32.8,2543,2.5,1.12,1.41
Crest Gaming Act,S13,JP,29,34.5%,0.73,1709,10.9,14.8,-1890,31.6,2003,2.5,1.42,1.54
Crvena zvezda Esports,S13,RS,18,50.0%,0.92,1782,12.7,13.7,122,31.3,2120,2.6,0.89,1.34
Cryptova,S13,CZ,14,35.7%,0.79,1673,11.3,14.2,-1849,30.5,2058,2.0,0.65,01.08
CTBC Flying Oyster,S13,PCS,19,63.2%,1.28,1848,13.1,10.2,1112,32.9,2179,2.3,1.30,1.71
Cyber Wolves,S13,RS,18,61.1%,1.77,1829,17.2,9.7,2269,30.2,2229,2.6,0.92,1.19
Cyberground Gaming,S13,IT,14,35.7%,0.87,1769,14.6,16.8,-1089,30.7,2418,1.5,0.84,1.13
Dark Passage,S13,TR,14,57.1%,01.02,1770,14.4,14.1,-37,30.7,2244,1.9,01.02,1.31
Deep Cross Gaming,S13,PCS,19,52.6%,1.15,1784,13.2,11.4,416,31.7,2136,2.4,1.31,1.76
Detonation FocusMe,S13,JP,27,77.8%,1.91,1929,16.1,8.3,3059,32.2,2519,2.0,1.30,1.70
Dewish Team,S13,PCS,18,16.7%,0.56,1606,10.1,17.9,-1646,28.5,2072,1.9,1.13,1.33
Diamant Esports,S13,RS,18,72.2%,1.26,1841,14.7,11.7,867,31.1,2355,2.5,0.89,1.32
Dignitas,S13,NA,18,16.7%,0.56,1620,8.1,14.4,-1221,31.0,1997,2.2,1.10,1.60
Dignitas Challengers,S13,NA,37,75.7%,1.34,1891,15.2,11.3,1768,32.1,2715,2.3,1.00,1.25
Dire Wolves,S13,OCE,21,57.1%,0.99,1818,14.6,14.7,-86,31.4,2252,2.9,1.13,1.38
DK Challengers,S13,KR,47,63.8%,1.29,1848,13.4,10.4,878,34.3,2051,2.5,1.36,1.71
DKB Diamonds,S13,DE,21,71.4%,1.39,1915,16.4,11.7,1143,31.6,2427,2.5,0.94,1.27
Domino Esport,S13,EUW,15,26.7%,0.61,1710,13.3,21.8,-1308,29.7,2163,1.9,0.89,0.91
Dplus KIA,S13,KR,40,65.0%,1.60,1829,12.2,7.6,1207,33.6,2273,3.0,1.60,1.68
DREN Esports,S13,IT,14,35.7%,0.66,1791,11.5,17.4,-836,33.2,2005,1.7,0.74,1.36
DRX,S13,KR,44,27.3%,0.58,1671,7.9,13.7,-1542,31.7,1976,2.5,1.44,1.74
DRX Challengers,S13,KR,43,67.4%,1.19,1843,13.3,11.1,250,33.2,2291,2.4,1.27,1.74
Dsyre Esports,S13,IT,18,72.2%,1.26,1943,17.7,14.0,3209,32.1,2428,2.5,1.30,1.46
Dynamo Eclot,S13,CZ,15,60.0%,01.01,1837,16.9,16.8,1226,30.5,2583,2.3,01.05,1.24
E WIE EINFACH E-SPORTS,S13,DE,18,22.2%,0.50,1678,8.8,17.6,-1927,32.0,1992,1.9,0.96,1.25
Edward Gaming,S13,CN,37,70.3%,1.25,1855,13.0,10.4,-,32.9,2464,-,-,-
EGN Esports,S13,PT,14,50.0%,01.07,1723,13.1,12.2,192,29.6,2295,1.9,0.92,1.19
Eintracht Frankfurt,S13,DE,18,38.9%,0.86,1755,14.6,16.8,-825,31.4,2409,2.2,0.82,1.58
Eintracht Spandau,S13,DE,21,57.1%,01.03,1862,13.9,13.5,1537,32.8,2421,2.6,1.26,1.46
Entropiq,S13,CZ,14,78.6%,1.52,1939,17.1,11.2,1433,32.4,2724,2.6,01.09,1.27
EPIC-DUDES,S13,DE,18,33.3%,0.71,1695,11.2,15.6,-1364,30.4,2080,1.9,0.79,1.22
ERN ROAR,S13,DE,21,57.1%,1.44,1900,19.7,13.6,1116,30.9,2818,2.5,0.89,1.37
Estral Esports,S13,LAT,18,72.2%,1.90,1899,15.0,7.8,1243,33.4,2137,2.4,01.09,1.44
eSuba,S13,CZ,14,71.4%,1.60,1929,18.1,11.3,1846,32.0,2354,2.2,0.89,1.22
Evil Geniuses,S13,NA,19,52.6%,1.17,1795,13.4,11.4,838,32.3,2447,2.6,1.26,1.57
Evil Geniuses Challengers,S13,NA,35,31.4%,0.80,1697,11.5,14.3,-1437,30.8,1966,2.3,0.98,1.18
Excel Esports,S13,EUW,14,21.4%,0.66,1705,11.9,17.9,-1492,30.4,2356,2.9,0.86,1.32
Exeed Poland,S13,PL,18,27.8%,0.60,1667,9.6,15.9,-1345,31.1,2049,1.9,0.79,1.23
Falcons,S13,ES,18,38.9%,0.85,1708,11.7,13.7,-667,30.4,2149,1.6,0.63,1.33
FC Schalke 04 Evolution,S13,DE,23,60.9%,1.13,1773,14.7,13.1,-864,31.0,2242,2.4,01.04,1.53
FENNEL,S13,JP,30,50.0%,01.02,1771,12.1,11.7,177,31.5,2094,2.3,1.23,1.76
Fluxo,S13,BR,18,55.6%,1.25,1789,14.3,11.4,342,30.3,2483,2.4,1.22,1.53
Fluxo Academy,S13,BR,16,37.5%,0.89,1761,14.0,15.7,-1348,30.9,2276,2.2,1.18,1.58
FLY FAM,S13,NA,34,14.7%,0.63,1642,9.9,15.8,-1600,30.1,1965,2.1,0.75,01.03
FlyQuest,S13,NA,19,73.7%,1.30,1871,14.2,10.9,516,32.8,2216,2.6,1.34,1.81
FlyQuest Challengers,S13,NA,37,62.2%,1.11,1850,15.6,14.1,284,31.5,2370,2.3,01.07,1.33
Fnatic,S13,EUW,14,21.4%,0.60,1702,9.9,16.4,-2168,31.9,2197,3.2,0.98,1.37
Fnatic TQ,S13,ES,21,71.4%,1.17,1883,16.5,14.1,1187,32.8,2584,2.3,01.09,1.30
For The Win Esports,S13,PT,18,66.7%,1.44,1856,15.8,11.0,2146,32.4,2295,2.4,1.12,1.27
Forsaken,S13,PL,21,42.9%,0.87,1818,15.3,17.6,-411,32.0,2339,2.3,0.74,1.34
Fox Gaming,S13,AL,14,50.0%,01.06,1821,15.5,14.6,629,31.2,2486,1.9,0.83,1.41
Frank Esports,S13,PCS,19,68.4%,1.78,1871,14.6,8.2,2028,32.6,2306,2.3,1.19,1.78
Funplus Phoenix,S13,CN,37,35.1%,0.85,1738,11.5,13.6,-,32.1,1960,-,-,-
FURIA Academy,S13,BR,16,50.0%,1.00,1758,13.8,13.8,-1,30.3,2184,2.4,1.34,1.56
FURIA Esports,S13,BR,18,50.0%,01.07,1794,12.6,11.8,756,32.0,2023,2.7,1.47,1.71
FUT Esports,S13,TR,14,78.6%,1.20,1825,13.1,10.9,1008,32.1,2221,1.8,1.14,1.49
G2 Esports,S13,EUW,26,73.1%,1.53,1984,18.1,11.8,1857,32.2,2471,3.1,1.00,1.53
Galakticos,S13,TR,14,28.6%,0.62,1714,9.8,15.9,-244,31.3,2210,1.7,01.08,1.39
GAM Esports,S13,VN,18,77.8%,1.48,1914,16.0,10.7,347,32.6,2391,1.4,1.30,1.49
GamerLegion,S13,DE,18,33.3%,0.81,1713,11.8,14.6,-171,31.4,2288,2.2,01.01,1.46
Gamespace Mediterranean College Esports,S13,GR,14,21.4%,0.67,1700,11.1,16.7,-818,30.7,1995,2.2,0.89,1.24
GameWard,S13,FR,18,55.6%,0.98,1767,12.5,12.6,25,31.9,2095,2.4,1.11,1.41
Geekay Esports,S13,AL,18,83.3%,1.77,1938,23.4,13.1,1923,30.0,2881,2.3,0.99,1.38
Gen.G Challengers,S13,KR,46,37.0%,0.89,1787,12.5,13.9,-426,32.6,2086,2.8,1.31,1.58
Gen.G eSports,S13,KR,43,69.8%,1.46,1904,14.0,9.6,1286,34.1,2320,2.6,1.27,1.96
GG&Esports,S13,IT,14,14.3%,0.48,1639,10.9,22.8,-3547,28.3,2261,1.7,0.82,1.11
Giants,S13,ES,18,44.4%,01.01,1814,11.2,11.1,391,33.8,2056,2.3,1.11,1.54
GnG Esports,S13,AL,15,40.0%,0.97,1784,16.1,16.5,-967,29.9,2201,1.8,0.99,1.44
Golden Guardians,S13,NA,18,50.0%,01.08,1791,12.8,11.7,52,31.7,2196,2.5,1.22,1.61
Golden Guardians Challengers,S13,NA,39,61.5%,1.18,1856,15.7,13.2,53,31.1,2264,2.2,0.99,1.14
Ground Zero Gaming,S13,OCE,8,37.5%,0.70,1674,9.5,13.6,-608,30.2,1911,1.8,0.74,1.16
Grypciocraft Esports,S13,PL,19,78.9%,1.55,1950,19.7,12.6,1737,32.2,2565,2.1,0.94,1.37
GTZ Esports,S13,PT,16,93.8%,1.89,1997,21.2,11.1,2931,31.2,2896,1.9,0.82,1.19
Guasones,S13,ES,18,11.1%,0.68,1678,11.7,17.2,-1636,31.2,1988,2.1,0.90,1.25
Hanwha Life eSports,S13,KR,45,53.3%,0.95,1796,10.0,10.5,71,33.4,2104,2.9,1.47,1.79
HEET,S13,BE,14,57.1%,0.96,1789,14.6,15.2,-209,31.0,2380,1.9,0.99,1.20
HELL PIGS,S13,PCS,18,33.3%,0.70,1718,10.2,14.6,-1242,32.3,2079,2.1,1.20,1.61
Hell Zerolag Esports,S13,GR,14,28.6%,0.72,1742,11.5,16.1,-1820,31.5,2063,1.7,0.68,1.15
Heretics Academy,S13,ES,22,72.7%,1.57,1927,17.9,11.4,1068,32.4,2580,2.7,1.42,1.61
HLE Challengers,S13,KR,46,60.9%,1.39,1820,14.8,10.7,620,31.4,2202,2.4,1.24,1.64
Illuminar Gaming,S13,PL,21,42.9%,0.93,1721,12.7,13.6,-272,30.8,2196,2.1,1.00,1.36
Immortals,S13,NA,18,22.2%,0.61,1652,8.8,14.4,-1171,32.1,2127,2.7,1.20,1.56
Immortals Challengers,S13,NA,37,48.6%,01.02,1818,15.2,14.9,566,30.9,2367,2.4,0.95,1.22
Impunity,S13,PCS,18,61.1%,01.03,1861,14.9,14.4,907,32.2,2427,2.1,1.31,1.62
Infinity eSports,S13,LAT,16,43.8%,0.88,1759,10.9,12.4,-129,32.6,2291,2.2,1.25,1.60
Inside Games,S13,CZ,14,21.4%,0.68,1652,12.4,18.2,-1770,29.1,2216,1.9,0.68,1.14
INTZ Academy,S13,BR,16,43.8%,0.72,1726,12.7,17.6,-1212,29.8,2310,2.2,1.41,1.46
INTZ e-Sports,S13,BR,18,38.9%,0.79,1762,13.8,17.5,-442,30.3,2240,2.6,1.33,1.60
Invictus Gaming,S13,CN,34,52.9%,0.97,1789,12.9,13.2,-,31.4,2179,-,-,-
Iron Wolves,S13,PL,18,38.9%,0.82,1726,12.5,15.2,-1103,30.0,2165,2.0,0.88,1.23
Istanbul Wildcats,S13,TR,14,85.7%,1.69,1952,17.4,10.1,1558,33.3,2627,1.9,1.28,1.65
Isurus,S13,LAT,21,66.7%,01.07,1787,14.9,13.9,-49,31.3,2397,2.2,1.21,1.39
IZI Dream,S13,FR,18,16.7%,0.68,1661,10.5,15.5,-523,30.7,1915,2.0,01.01,1.36
J Team,S13,PCS,18,44.4%,0.98,1727,11.5,11.8,-653,30.3,2094,2.3,1.46,1.47
JD Gaming,S13,CN,32,75.0%,1.56,1942,15.8,10.1,-,33.2,2554,-,-,-
Joblife,S13,FR,23,56.5%,0.99,1800,15.5,15.6,-157,30.8,2283,1.9,0.57,1.31
KaBuM! Academy,S13,BR,16,68.8%,1.56,1938,19.4,12.5,2520,30.8,2615,2.8,1.41,1.39
KaBuM! e-Sports,S13,BR,18,38.9%,0.99,1794,14.6,14.8,18,31.3,2396,2.9,1.52,1.72
Kanga Esports,S13,OCE,10,10.0%,0.42,1566,8.1,19.4,-3944,29.8,1833,2.0,0.78,01.04
Karmine Corp,S13,FR,18,38.9%,0.78,1712,11.6,14.8,-143,31.2,2180,2.1,0.99,1.33
Kaufland Hangry Knights,S13,DE,18,38.9%,0.92,1761,15.1,16.4,826,30.2,2764,2.0,0.81,1.26
KDF Challengers,S13,KR,42,26.2%,0.67,1711,10.9,16.4,350,31.1,2179,2.3,1.23,1.38
KIT SC SmartWe,S13,DE,22,54.5%,0.84,1781,16.5,19.6,-864,29.6,2710,2.3,0.68,1.24
Klanik Esport,S13,FR,21,42.9%,0.85,1731,12.0,14.0,-648,30.0,2144,2.0,01.04,1.26
KOI,S13,EUW,26,50.0%,01.02,1777,12.8,12.5,134,31.5,2257,3.0,0.87,1.38
KOI Academy,S13,ES,18,33.3%,0.88,1733,11.1,12.6,-100,31.9,1933,2.2,01.05,1.29
Komil & Friends,S13,PL,18,27.8%,0.73,1738,14.8,20.3,-1409,30.1,2190,2.0,0.88,1.35
KRC Genk Esports,S13,BE,14,71.4%,1.31,1882,16.7,12.6,-11,32.1,2398,1.9,1.00,1.25
KT Challengers,S13,KR,43,67.4%,1.40,1843,14.2,10.1,903,32.4,2268,2.8,1.51,1.53
KT Rolster,S13,KR,43,65.1%,1.50,1837,11.6,7.7,524,34.2,1968,2.6,1.34,1.79
Kwangdong Freecs,S13,KR,45,37.8%,0.75,1759,9.2,12.3,-191,33.8,2051,2.7,1.48,1.80
LDLC OL,S13,FR,18,66.7%,1.24,1836,13.6,10.9,303,32.7,2183,2.1,01.07,1.49
Levante UD Esports,S13,ES,18,33.3%,0.92,1752,14.1,15.2,-283,30.6,2244,1.8,1.10,1.29
LEX esports,S13,ES,18,38.9%,0.82,1721,11.8,14.3,-642,31.4,1910,1.9,1.00,1.27
LGD Gaming,S13,CN,34,38.2%,0.84,1730,10.9,12.9,-,32.2,2172,-,-,-
Liberty,S13,BR,18,27.8%,0.65,1701,10.3,15.8,-568,30.7,2140,2.9,1.47,1.54
Liberty Academy,S13,BR,16,31.3%,0.76,1704,12.7,16.6,-1094,30.6,2226,2.5,1.37,1.35
Liiv SANDBOX,S13,KR,47,51.1%,0.96,1760,10.5,11.0,-400,33.7,2018,2.9,1.55,1.73
Lille Esport,S13,FR,18,66.7%,0.99,1870,16.2,16.3,628,31.6,2406,1.8,0.92,1.26
LNG Esports,S13,CN,34,70.6%,1.40,1881,16.3,11.6,-,32.5,2431,-,-,-
Los Grandes,S13,BR,18,66.7%,1.14,1866,14.6,12.8,-283,32.5,2351,2.4,1.30,1.54
Los Grandes Academy,S13,BR,16,62.5%,1.42,1801,18.4,12.9,-175,29.5,2535,2.6,1.48,1.54
LOUD,S13,BR,18,66.7%,1.10,1810,14.4,13.1,-11,31.1,2376,2.7,1.45,1.45
LOUD Academy,S13,BR,16,37.5%,0.68,1718,11.1,16.4,-114,31.0,2296,2.3,1.15,1.40
LSB Challengers,S13,KR,47,34.0%,0.80,1727,12.6,15.9,-1183,30.6,2240,2.4,1.34,1.59
Macko Esports,S13,IT,18,77.8%,1.40,1926,17.4,12.4,1010,32.1,2736,2.1,0.82,1.44
MAD Lions,S13,EUW,33,57.6%,1.00,1821,13.8,13.8,476,31.6,2367,2.9,01.04,1.37
MAGAZA,S13,RS,14,50.0%,01.07,1816,14.6,13.7,260,30.5,2235,2.2,0.83,1.26
MAMMOTH,S13,OCE,10,10.0%,0.37,1566,7.3,20.0,-3219,28.7,1760,2.0,0.77,1.10
mCon LG UltraGear,S13,BE,14,50.0%,0.91,1751,12.5,13.6,-252,31.1,2130,1.9,0.87,1.25
MGN Box Esports,S13,VN,16,0.0%,0.44,1590,7.6,17.3,-2743,30.4,1700,1.6,1.32,1.41
MOUZ,S13,DE,23,56.5%,1.13,1781,13.6,12.1,520,31.5,2291,2.1,0.98,1.45
Movistar R7,S13,LAT,22,59.1%,1.28,1836,15.0,11.7,1105,31.6,2349,2.1,1.20,1.46
Movistar Riders,S13,ES,22,59.1%,1.33,1880,16.8,12.7,1839,32.7,2272,2.5,01.03,1.41
MS Company,S13,FR,18,11.1%,0.59,1619,10.3,17.4,-1350,29.5,1957,1.4,0.74,1.13
mYinsanity,S13,DE,22,54.5%,0.97,1790,14.6,15.0,712,30.5,2458,2.2,0.75,1.27
NASR eSports Turkey,S13,TR,14,50.0%,1.12,1799,14.5,12.9,-583,32.5,2282,1.8,1.20,1.65
Nativz,S13,EUW,14,7.1%,0.48,1583,8.9,18.4,-2788,29.4,1944,2.0,0.96,01.06
Nigma Galaxy Male,S13,AL,18,44.4%,0.78,1818,15.2,19.6,-653,31.6,2451,1.8,0.74,1.20
Ninjas in Pyjamas,S13,CN,34,32.4%,0.87,1721,11.6,13.4,-,31.0,2219,-,-,-
NNO Prime,S13,DE,18,22.2%,0.75,1716,9.8,13.1,-89,32.4,2147,2.3,01.06,1.49
Nongshim RedForce,S13,KR,42,21.4%,0.69,1664,8.8,12.7,-1880,31.9,1891,2.6,1.50,1.55
Nord Esports,S13,EUW,19,73.7%,1.73,1942,18.7,10.8,1974,31.7,2511,2.4,0.95,1.20
Northern Lions,S13,BE,14,28.6%,0.73,1720,14.9,20.4,-606,29.3,2386,1.6,0.71,1.13
NS Challengers,S13,KR,46,58.7%,01.02,1811,13.7,13.3,-365,32.6,2135,2.5,1.42,1.75
Odivelas Sports Club,S13,PT,13,30.8%,0.78,1723,13.5,17.4,-101,29.7,2328,1.7,0.85,1.30
OMG,S13,CN,36,55.6%,01.02,1835,12.0,11.8,-,32.7,2240,-,-,-
Orbit Anonymo,S13,PL,21,81.0%,1.38,1879,17.9,12.9,681,30.7,2604,2.2,0.91,1.15
paiN Academy,S13,BR,16,31.3%,0.73,1744,11.9,16.4,67,30.8,2085,2.3,1.34,1.36
paiN Gaming,S13,BR,18,66.7%,1.18,1783,12.8,10.8,332,32.0,2104,2.6,1.55,1.66
Panathinaikos AC eSports,S13,GR,18,44.4%,0.74,1706,12.9,17.5,-2476,28.8,2105,2.5,1.13,1.13
Papara SuperMassive,S13,TR,14,50.0%,1.10,1775,11.4,10.4,402,32.1,2000,1.6,0.97,1.51
Partizan Esports,S13,RS,18,77.8%,1.56,1825,13.9,8.9,613,32.4,2240,2.5,0.95,1.27
PEACE,S13,OCE,2,50.0%,0.76,1784,13.0,17.0,1917,31.8,2627,3.2,1.23,1.38
Pentagon Rejects,S13,GR,14,35.7%,0.86,1780,12.8,14.9,-295,31.7,2165,2.1,0.91,1.47
Pentanet.GG,S13,OCE,17,52.9%,1.24,1856,15.3,12.3,1006,31.5,2215,2.7,1.20,1.38
Project Conquerors,S13,FR,18,33.3%,0.90,1706,13.1,14.6,-324,29.8,2031,1.8,0.99,1.26
PSG Talon,S13,PCS,18,83.3%,1.90,1845,15.7,8.3,1279,31.7,2399,2.3,1.40,1.93
RA AD,S13,AL,21,61.9%,01.01,1866,17.6,17.4,330,31.8,2557,2.3,0.98,1.51
Ramboot Club,S13,ES,18,55.6%,01.04,1836,14.6,14.1,133,32.1,2199,1.6,0.86,1.23
Rare Atom,S13,CN,34,38.2%,0.79,1757,11.0,14.0,-,32.4,2200,-,-,-
Rebels Gaming,S13,ES,22,68.2%,01.01,1830,13.7,13.5,-55,32.1,2420,2.7,1.23,1.50
RED Academy,S13,BR,16,62.5%,1.11,1847,16.2,14.6,936,31.7,2355,2.5,1.31,1.56
RED Canids,S13,BR,18,61.1%,1.32,1790,13.4,10.1,-402,32.2,1991,2.6,1.35,1.54
Riddle Esports,S13,EUW,19,78.9%,1.64,1909,16.2,9.8,415,33.9,2106,2.3,01.03,1.37
Royal Never Give Up,S13,CN,32,50.0%,0.98,1785,12.0,12.2,-,31.8,2205,-,-,-
Ruddy Esports,S13,EUW,17,64.7%,1.18,1839,15.4,13.1,1062,32.1,2445,2.4,0.71,1.27
Saigon Buffalo,S13,VN,19,52.6%,0.98,1789,12.5,12.7,-74,31.9,2165,2.2,1.32,1.68
SBTC Esports,S13,VN,19,47.4%,0.88,1808,13.4,15.3,-508,32.2,2134,2.2,1.50,1.70
SEM9 WPE,S13,PCS,18,16.7%,0.52,1614,9.6,18.3,-3089,29.7,1916,2.3,1.12,1.61
Sengoku Gaming,S13,JP,29,79.3%,1.75,1920,15.3,8.8,902,33.2,2347,2.2,1.18,1.56
seQura ZEST,S13,ES,18,38.9%,0.90,1721,13.5,14.9,-182,30.2,2053,1.7,0.76,1.14
SINNERS Esports,S13,CZ,15,66.7%,1.24,1883,19.4,15.6,1284,30.5,2817,2.4,1.13,1.30
Six Karma,S13,LAT,21,61.9%,1.19,1816,13.0,10.8,931,32.7,2177,2.4,1.40,1.67
SK Gaming,S13,EUW,25,60.0%,1.20,1792,13.5,11.2,-602,31.2,2158,3.3,1.13,1.41
SK Gaming Prime,S13,DE,18,72.2%,1.61,1952,16.7,10.3,1424,33.8,2337,2.3,1.25,1.52
SoftBank Hawks Gaming,S13,JP,29,72.4%,1.42,1845,12.9,9.1,1078,32.0,2387,2.3,1.32,1.56
Solary,S13,FR,18,55.6%,0.96,1793,11.2,11.7,190,33.2,1987,2.4,1.13,1.39
Sprout,S13,DE,18,44.4%,1.14,1780,13.1,11.4,-593,32.5,2128,2.0,0.81,1.23
T1,S13,KR,43,81.4%,1.54,1938,14.3,9.2,2123,33.3,2400,2.8,1.38,1.61
T1 Challengers,S13,KR,48,56.3%,01.03,1815,13.2,12.8,436,32.4,2306,2.5,1.29,1.64
Team 7AM,S13,BE,14,64.3%,1.52,1888,19.7,12.9,1507,30.5,2550,2.1,0.83,01.07
Team Aze,S13,LAT,14,0.0%,0.41,1600,6.4,15.6,-1944,31.8,1929,2.3,1.17,1.37
Team BDS,S13,EUW,20,55.0%,1.16,1789,14.8,12.7,-210,31.9,2168,3.0,01.04,1.60
Team BDS Academy,S13,FR,18,50.0%,0.90,1748,12.2,13.5,-2064,31.2,2366,2.4,1.22,1.53
Team Bliss,S13,OCE,22,72.7%,1.10,1890,16.4,14.8,1766,30.9,2552,2.4,01.01,1.35
Team du Sud,S13,FR,18,88.9%,2.39,1959,19.0,7.9,1989,31.9,2473,1.7,0.93,1.26
Team ESCA Gaming,S13,PL,18,22.2%,0.71,1699,12.1,17.1,-1166,30.6,2183,1.7,0.63,1.34
Team Flash,S13,VN,15,46.7%,1.00,1791,12.3,12.2,858,32.5,2232,1.8,1.59,1.84
Team GO,S13,FR,18,61.1%,1.35,1805,14.8,10.9,1341,32.0,2243,2.3,01.03,1.48
Team Heretics,S13,EUW,19,31.6%,0.84,1797,14.4,17.2,-534,31.4,2399,3.2,01.02,1.51
Team Liquid,S13,NA,18,44.4%,0.95,1787,12.3,12.9,902,33.0,2281,2.5,1.32,1.74
Team Liquid Challengers,S13,NA,39,56.4%,1.16,1830,13.7,11.8,1141,31.3,2157,2.6,1.20,1.23
Team Liquid First,S13,NA,34,20.6%,0.56,1662,9.8,17.5,-1999,30.9,2016,1.9,0.69,0.98
Team Phantasma,S13,GR,19,57.9%,01.04,1864,14.2,13.5,1407,32.2,2259,2.4,01.04,1.34
Team Sampi,S13,CZ,14,42.9%,0.94,1741,13.8,14.6,-891,29.4,2343,1.7,0.61,0.94
Team Secret,S13,VN,18,38.9%,0.94,1777,12.8,13.7,673,32.4,2252,1.5,1.33,1.61
Team Vitality,S13,EUW,21,61.9%,1.10,1876,14.7,13.3,934,32.9,2467,3.0,0.95,1.57
Team WE,S13,CN,34,47.1%,01.03,1818,13.1,12.7,-,31.7,2236,-,-,-
Team Whales,S13,VN,19,63.2%,1.17,1847,13.8,11.7,196,31.8,2085,2.4,1.59,1.60
TeamOrangeGaming,S13,DE,18,22.2%,0.68,1671,10.7,15.7,-1980,30.2,2029,2.0,0.57,1.16
The Agency,S13,BE,14,57.1%,1.18,1838,14.9,12.6,1223,31.0,2323,2.0,0.87,1.22
The Kings,S13,LAT,16,31.3%,0.70,1707,10.1,14.4,-1275,31.4,1998,2.2,1.14,1.41
Top Esports,S13,CN,33,54.5%,1.24,1834,14.2,11.5,-,31.7,2316,-,-,-
Triple Esports,S13,AL,21,47.6%,0.97,1826,15.7,16.1,106,31.0,2397,2.0,0.69,1.42
TSM,S13,NA,18,44.4%,0.86,1727,11.7,13.6,-926,31.0,2293,2.5,01.09,1.55
TSM Challengers,S13,NA,37,43.2%,0.91,1819,14.1,15.5,626,31.9,2361,2.3,0.90,1.28
TT,S13,CN,32,50.0%,01.04,1779,12.3,11.8,-,32.3,2123,-,-,-
UCAM Tokiers,S13,ES,18,27.8%,0.66,1692,10.7,16.1,-1149,31.1,2144,2.1,01.06,1.27
Ultra Prime,S13,CN,32,25.0%,0.55,1686,9.0,16.5,-,31.3,1988,-,-,-
Unicorns Of Love Sexy Edition,S13,DE,18,77.8%,1.29,1932,15.2,11.7,423,34.3,2458,2.3,0.94,1.63
UniQ Esports Club,S13,EUW,15,20.0%,0.60,1650,10.0,16.6,-1912,30.1,1971,1.8,0.71,1.18
V3 Esports,S13,JP,26,7.7%,0.48,1569,8.0,16.4,-1945,29.4,1748,2.1,1.44,1.45
Valiance,S13,RS,14,57.1%,1.24,1796,13.9,11.2,850,30.8,2314,2.2,0.95,1.17
Vanir,S13,EUW,14,42.9%,01.09,1833,16.6,15.2,1325,31.3,2292,1.9,0.87,1.46
Varona Esports,S13,PT,14,21.4%,0.56,1642,10.8,19.1,-3296,29.9,2110,1.7,01.01,1.13
Verdant,S13,EUW,17,64.7%,1.13,1784,13.9,12.3,314,30.9,2213,2.4,01.04,1.26
Villarreal QLASH,S13,ES,18,38.9%,0.77,1781,13.4,17.3,-570,31.8,2367,1.7,01.03,1.41
Vitality.Bee,S13,FR,18,50.0%,0.96,1752,12.8,13.2,52,31.4,2026,2.2,0.92,1.41
ViV Esport,S13,FR,23,52.2%,0.99,1810,12.7,12.8,586,32.6,2137,2.1,0.92,1.25
Vivo Keyd Stars,S13,BR,18,27.8%,0.84,1714,14.1,16.8,257,30.3,2158,2.6,1.54,1.59
Vivo Keyd Stars Academy,S13,BR,16,75.0%,1.53,1896,18.3,11.9,422,31.6,2499,2.4,1.16,1.56
Webidoo Gaming,S13,IT,14,28.6%,01.05,1744,13.7,13.0,-220,31.2,2026,2.0,0.97,1.36
Weibo Gaming,S13,CN,33,63.6%,1.20,1851,13.5,11.2,-,32.4,2255,-,-,-
WeSports,S13,DE,21,52.4%,0.99,1760,15.5,15.6,-833,30.0,2470,2.2,0.85,1.28
White Dragons,S13,PT,17,64.7%,1.38,1844,16.7,12.1,1800,30.7,2407,2.1,1.00,1.25
Wild Panthers Esports,S13,GR,14,42.9%,0.94,1766,14.7,15.7,-1792,31.4,2296,2.0,0.90,1.27
Wildcard Gaming,S13,NA,39,61.5%,01.04,1850,15.1,14.5,-319,31.8,2552,2.1,0.56,1.11
Wizards Club,S13,ES,19,89.5%,1.96,1926,18.9,9.6,1541,31.7,2571,1.8,0.96,1.45
WLGaming Esports,S13,GR,18,66.7%,1.36,1911,18.6,13.7,1498,31.4,2574,2.3,01.08,1.29
XtremeDominators,S13,RS,14,0.0%,0.34,1529,7.3,21.5,-4142,28.3,1744,1.8,0.65,0.87
ZennIT Gaming,S13,BE,14,35.7%,0.81,1770,13.9,17.1,319,31.0,2157,2.0,0.75,1.17
Zero Tenacity,S13,PL,19,84.2%,1.68,1988,20.3,12.0,2697,32.2,2587,2.3,1.00,1.35
ZETA,S13,ES,18,44.4%,0.77,1759,10.7,13.9,-732,31.6,1938,1.8,0.96,1.22